City_ID,City,Country,Date,Lat,Lng,Max Temp,Humidity,Cloudiness,Wind Speed,Current Description,Rain inches (last 3 hours),Snow inches (last 3 hours)
0,Atuona,PF,2021-12-06 21:29:48,-9.8,-139.0333,78.98,68,16,19.91,few clouds,0,0
1,Kapaa,US,2021-12-06 21:29:49,22.0752,-159.319,73.72,94,90,9.22,heavy intensity rain,0,0
2,Plaster Rock,CA,2021-12-06 21:29:49,46.9065,-67.39,40.59,98,100,18.34,overcast clouds,0,0
3,Kashiwazaki,JP,2021-12-06 21:29:49,37.3667,138.55,42.89,88,100,5.57,overcast clouds,0,0
4,Krasnoznamensk,RU,2021-12-06 21:29:50,55.5994,37.0386,24.84,86,75,13.42,broken clouds,0,0
5,Barzas,RU,2021-12-06 21:29:50,55.7167,86.3167,26.83,95,100,11.03,light snow,0,0
6,Hobart,AU,2021-12-06 21:29:50,-42.8794,147.3294,57.06,89,75,5.75,light rain,0,0
7,Punta Arenas,CL,2021-12-06 21:26:32,-53.15,-70.9167,51.12,85,100,17.63,light rain,0,0
8,Luderitz,NA,2021-12-06 21:29:51,-26.6481,15.1594,64.62,75,0,18.81,clear sky,0,0
9,Busselton,AU,2021-12-06 21:29:51,-33.65,115.3333,56.08,71,0,17.49,clear sky,0,0
10,Nikolskoye,RU,2021-12-06 21:29:52,59.7035,30.7861,4.39,96,100,3.98,light snow,0,0
11,Cherskiy,RU,2021-12-06 21:29:52,68.75,161.3,-25.17,98,100,4.41,overcast clouds,0,0
12,Mar Del Plata,AR,2021-12-06 21:29:10,-38.0023,-57.5575,65.88,80,0,17.0,clear sky,0,0
13,Sorland,NO,2021-12-06 21:29:52,67.667,12.6934,23.07,64,4,14.81,clear sky,0,0
14,Kaitangata,NZ,2021-12-06 21:28:37,-46.2817,169.8464,50.63,85,89,10.09,overcast clouds,0,0
15,Bathsheba,BB,2021-12-06 21:26:07,13.2167,-59.5167,81.21,65,40,19.57,scattered clouds,0,0
16,Mataura,NZ,2021-12-06 21:29:53,-46.1927,168.8643,58.48,55,5,4.14,clear sky,0,0
17,Puerto Ayora,EC,2021-12-06 21:29:53,-0.7393,-90.3518,76.96,75,49,8.55,scattered clouds,0,0
18,Poum,NC,2021-12-06 21:29:54,-20.2333,164.0167,81.16,72,2,9.64,clear sky,0,0
19,Rikitea,PF,2021-12-06 21:27:24,-23.1203,-134.9692,76.12,73,71,7.78,broken clouds,0,0
20,Ahuimanu,US,2021-12-06 21:29:54,21.4447,-157.8378,74.91,83,90,8.05,moderate rain,0,0
21,Chokurdakh,RU,2021-12-06 21:29:55,70.6333,147.9167,-24.65,97,100,2.37,overcast clouds,0,0
22,Tasiilaq,GL,2021-12-06 21:29:55,65.6145,-37.6368,30.36,79,97,10.45,overcast clouds,0,0
23,Salina Cruz,MX,2021-12-06 21:29:55,16.1667,-95.2,87.84,52,0,7.52,clear sky,0,0
24,Puro,PH,2021-12-06 21:26:58,12.4841,123.3827,76.96,77,91,8.63,overcast clouds,0,0
25,Takab,IR,2021-12-06 21:29:56,36.4009,47.1133,33.04,78,1,2.73,clear sky,0,0
26,Korla,CN,2021-12-06 21:29:56,41.7597,86.1469,29.98,45,100,2.3,overcast clouds,0,0
27,Bambous Virieux,MU,2021-12-06 21:29:57,-20.3428,57.7575,79.05,73,40,10.36,scattered clouds,0,0
28,Hithadhoo,MV,2021-12-06 21:29:57,-0.6,73.0833,81.57,78,33,18.45,scattered clouds,0,0
29,Bowen,AU,2021-12-06 21:29:57,-20.0167,148.2333,79.02,72,94,12.21,overcast clouds,0,0
30,Santo Domingo,DO,2021-12-06 21:26:25,18.5001,-69.9886,85.03,71,40,4.0,scattered clouds,0,0
31,Sitka,US,2021-12-06 21:26:10,57.0531,-135.33,31.89,80,90,0.0,overcast clouds,0,0
32,Dikson,RU,2021-12-06 21:27:42,73.5069,80.5464,-16.17,100,64,4.23,broken clouds,0,0
33,Bredasdorp,ZA,2021-12-06 21:29:58,-34.5322,20.0403,56.52,82,14,2.3,few clouds,0,0
34,Harper,LR,2021-12-06 21:29:58,4.375,-7.7169,79.56,83,64,8.79,broken clouds,0,0
35,Songjianghe,CN,2021-12-06 21:29:59,42.1859,127.479,11.62,96,50,3.06,scattered clouds,0,0
36,Torbay,CA,2021-12-06 21:29:59,47.6666,-52.7314,32.58,75,75,3.44,broken clouds,0,0
37,La Ronge,CA,2021-12-06 21:30:00,55.1001,-105.2842,-7.35,64,75,2.3,broken clouds,0,0
38,Arraial Do Cabo,BR,2021-12-06 21:30:00,-22.9661,-42.0278,76.86,78,75,12.66,broken clouds,0,0
39,Ancud,CL,2021-12-06 21:30:00,-41.8697,-73.8203,70.43,52,0,3.78,clear sky,0,0
40,Abhar,IR,2021-12-06 21:30:01,36.1468,49.218,37.85,71,0,5.48,clear sky,0,0
41,Ribeira Grande,PT,2021-12-06 21:30:01,38.5167,-28.7,64.8,68,75,16.11,broken clouds,0,0
42,Olafsvik,IS,2021-12-06 21:25:52,64.8945,-23.7142,35.78,95,100,19.55,moderate rain,0,0
43,Muroto,JP,2021-12-06 21:30:02,33.2833,134.15,56.37,64,0,4.59,clear sky,0,0
44,Barrow,US,2021-12-06 21:30:02,71.2906,-156.7887,24.82,74,1,17.27,clear sky,0,0
45,Komsomolskiy,UZ,2021-12-06 21:30:02,40.4272,71.7189,38.12,75,75,4.61,mist,0,0
46,San Isidro,PE,2021-12-06 21:30:03,-12.1167,-77.05,68.25,80,75,1.99,broken clouds,0,0
47,Vardo,NO,2021-12-06 21:26:41,70.3705,31.1107,15.78,86,75,26.46,broken clouds,0,0
48,Upernavik,GL,2021-12-06 21:30:04,72.7868,-56.1549,18.01,93,100,6.22,overcast clouds,0,0
49,Adrar,MR,2021-12-06 21:30:04,20.5022,-10.0711,64.26,16,99,11.32,overcast clouds,0,0
50,Seoul,KR,2021-12-06 21:30:05,37.5683,126.9778,38.64,86,4,1.14,mist,0,0
51,Hoquiam,US,2021-12-06 21:30:06,46.9809,-123.8893,49.01,93,90,10.36,mist,0,0
52,East London,ZA,2021-12-06 21:30:07,-33.0153,27.9116,65.7,85,66,9.13,light rain,0,0
53,Stornoway,GB,2021-12-06 21:25:09,58.2093,-6.3865,39.16,88,40,4.0,light rain,0,0
54,Kleive,NO,2021-12-06 21:30:08,62.7954,7.6359,30.58,71,94,7.38,overcast clouds,0,0
55,Talnakh,RU,2021-12-06 21:26:57,69.4865,88.3972,-9.8,99,100,12.8,light snow,0,0
56,Eydhafushi,MV,2021-12-06 21:30:08,5.1033,73.0708,81.93,75,19,8.7,few clouds,0,0
57,Locri,IT,2021-12-06 21:30:08,38.2414,16.2623,52.16,74,18,8.88,few clouds,0,0
58,Krasna Lipa,CZ,2021-12-06 21:30:09,50.4838,13.3575,28.33,78,98,2.8,overcast clouds,0,0
59,Butaritari,KI,2021-12-06 21:27:33,3.0707,172.7902,82.94,78,96,14.32,overcast clouds,0,0
60,Coihaique,CL,2021-12-06 21:27:28,-45.5752,-72.0662,80.91,29,9,7.76,clear sky,0,0
61,Hermanus,ZA,2021-12-06 21:30:09,-34.4187,19.2345,59.9,76,5,1.74,clear sky,0,0
62,Kanigiri,IN,2021-12-06 21:30:10,15.4,79.5167,72.59,74,6,3.33,clear sky,0,0
63,Cuauhtemoc,MX,2021-12-06 21:27:21,28.4167,-106.8667,63.72,25,0,11.14,clear sky,0,0
64,Yatou,CN,2021-12-06 21:30:10,37.15,122.3833,40.69,64,2,9.98,clear sky,0,0
65,Misratah,LY,2021-12-06 21:30:11,32.3754,15.0925,56.26,57,54,34.52,broken clouds,0,0
66,Tilichiki,RU,2021-12-06 21:30:11,60.4667,166.1,-11.11,86,13,8.12,few clouds,0,0
67,Caravelas,BR,2021-12-06 21:30:11,-17.7125,-39.2481,76.69,83,95,9.08,moderate rain,0,0
68,Eaton Socon,GB,2021-12-06 21:30:12,52.2175,-0.2893,39.02,90,42,15.39,scattered clouds,0,0
69,Bealanana,MG,2021-12-06 21:30:12,-14.55,48.7333,60.44,96,19,3.71,few clouds,0,0
70,Jamestown,US,2021-12-06 21:30:12,42.097,-79.2353,38.08,50,90,17.0,overcast clouds,0,0
71,Avera,US,2021-12-06 21:30:13,33.194,-82.5271,72.28,65,100,11.7,overcast clouds,0,0
72,Fuente De Oro,CO,2021-12-06 21:30:13,3.4594,-73.6128,81.09,72,98,2.51,overcast clouds,0,0
73,Mochalishche,RU,2021-12-06 21:30:13,56.3306,48.3547,3.97,82,51,3.67,broken clouds,0,0
74,Qaanaaq,GL,2021-12-06 21:30:14,77.484,-69.3632,19.8,83,100,7.43,overcast clouds,0,0
75,Ouesso,CG,2021-12-06 21:30:14,1.6136,16.0517,74.32,78,49,1.34,scattered clouds,0,0
76,Khatanga,RU,2021-12-06 21:30:15,71.9667,102.5,-7.13,98,100,8.79,light snow,0,0
77,Glendive,US,2021-12-06 21:30:15,47.1053,-104.7125,19.49,76,75,9.22,broken clouds,0,0
78,Inirida,CO,2021-12-06 21:30:15,3.8653,-67.9239,77.68,93,62,3.31,broken clouds,0,0
79,Yellowknife,CA,2021-12-06 21:30:16,62.456,-114.3525,-17.72,76,75,5.75,broken clouds,0,0
80,Longyearbyen,SJ,2021-12-06 21:30:12,78.2186,15.6401,35.44,69,75,26.46,broken clouds,0,0
81,Ushuaia,AR,2021-12-06 21:27:39,-54.8,-68.3,58.66,41,20,24.16,few clouds,0,0
82,Lasa,IT,2021-12-06 21:30:17,46.6166,10.7002,28.69,74,40,4.03,scattered clouds,0,0
83,Tuktoyaktuk,CA,2021-12-06 21:30:17,69.4541,-133.0374,8.6,78,75,13.8,broken clouds,0,0
84,Road Town,VG,2021-12-06 21:25:38,18.4167,-64.6167,82.49,74,40,10.36,scattered clouds,0,0
85,Cape Town,ZA,2021-12-06 21:26:48,-33.9258,18.4232,61.27,66,0,8.05,clear sky,0,0
86,Cidreira,BR,2021-12-06 21:27:42,-30.1811,-50.2056,69.67,80,28,15.55,scattered clouds,0,0
87,Biltine,TD,2021-12-06 21:30:18,14.5333,20.9167,75.63,20,7,5.95,clear sky,0,0
88,Bengkulu,ID,2021-12-06 21:30:18,-3.8004,102.2655,74.97,90,100,4.23,heavy intensity rain,0,0
89,Mahebourg,MU,2021-12-06 21:28:05,-20.4081,57.7,79.09,73,40,10.36,scattered clouds,0,0
90,Kibala,TD,2021-12-06 21:30:19,9.1104,18.3463,75.15,73,0,0.0,clear sky,0,0
91,Sinnamary,GF,2021-12-06 21:30:19,5.3833,-52.95,77.43,90,81,8.88,broken clouds,0,0
92,Clyde River,CA,2021-12-06 21:30:19,70.4692,-68.5914,10.63,79,100,16.11,light snow,0,0
93,Jalu,LY,2021-12-06 21:27:04,29.0331,21.5482,58.57,42,0,11.3,clear sky,0,0
94,Yulara,AU,2021-12-06 21:30:20,-25.2406,130.9889,71.44,60,3,10.36,clear sky,0,0
95,Beringovskiy,RU,2021-12-06 21:25:55,63.05,179.3167,-8.18,87,70,9.93,broken clouds,0,0
96,Albany,US,2021-12-06 21:26:54,42.6001,-73.9662,58.64,86,99,14.83,overcast clouds,0,0
97,Kloulklubed,PW,2021-12-06 21:30:20,7.0419,134.2556,79.3,77,100,16.13,overcast clouds,0,0
98,Mookane,BW,2021-12-06 21:30:21,-23.688,26.6595,72.23,70,47,7.92,scattered clouds,0,0
99,Katangli,RU,2021-12-06 21:30:21,51.7102,143.2326,14.29,74,5,18.63,clear sky,0,0
100,Ojinaga,MX,2021-12-06 21:29:15,29.5667,-104.4167,65.35,29,90,3.44,haze,0,0
101,Tateyama,JP,2021-12-06 21:30:22,34.9833,139.8667,55.09,84,99,20.92,overcast clouds,0,0
102,Souillac,MU,2021-12-06 21:30:22,-20.5167,57.5167,79.18,73,40,10.36,scattered clouds,0,0
103,San Cristobal,VE,2021-12-06 21:25:32,7.7669,-72.225,78.98,45,47,4.38,scattered clouds,0,0
104,Vila,PT,2021-12-06 21:27:18,42.0304,-8.1588,44.33,95,100,3.74,overcast clouds,0,0
105,Shingu,JP,2021-12-06 21:26:26,33.7333,135.9833,57.49,89,100,7.52,overcast clouds,0,0
106,Varzea Da Palma,BR,2021-12-06 21:30:23,-17.5981,-44.7308,72.79,85,97,0.78,moderate rain,0,0
107,Bluff,NZ,2021-12-06 21:27:36,-46.6,168.3333,58.8,60,3,6.69,clear sky,0,0
108,Sao Joao Da Barra,BR,2021-12-06 21:26:39,-21.6403,-41.0511,77.09,85,100,5.64,moderate rain,0,0
109,Tarancon,ES,2021-12-06 21:30:23,40.0085,-3.0073,48.49,81,61,3.51,broken clouds,0,0
110,Wanaka,NZ,2021-12-06 21:28:30,-44.7,169.15,50.67,71,75,2.13,broken clouds,0,0
111,Namibe,AO,2021-12-06 21:27:21,-15.1961,12.1522,72.09,66,0,7.43,clear sky,0,0
112,Turukhansk,RU,2021-12-06 21:30:24,65.8167,87.9833,-30.19,99,42,4.27,scattered clouds,0,0
113,Namtsy,RU,2021-12-06 21:30:24,62.7161,129.6658,-32.69,100,100,1.54,overcast clouds,0,0
114,Boa Viagem,BR,2021-12-06 21:30:25,-5.1275,-39.7322,87.64,45,73,10.71,broken clouds,0,0
115,Sabha,LY,2021-12-06 21:30:25,27.0377,14.4283,49.19,42,0,12.28,clear sky,0,0
116,Port Alfred,ZA,2021-12-06 21:30:20,-33.5906,26.891,64.98,87,74,10.54,broken clouds,0,0
117,Avarua,CK,2021-12-06 21:27:34,-21.2078,-159.775,75.25,88,90,17.27,light rain,0,0
118,Ponta Do Sol,PT,2021-12-06 21:27:43,32.6667,-17.1,65.03,72,62,8.99,broken clouds,0,0
119,Adre,TD,2021-12-06 21:30:26,13.4667,22.2,70.95,18,4,9.1,clear sky,0,0
120,Tabou,CI,2021-12-06 21:27:13,4.423,-7.3528,79.9,82,20,8.66,few clouds,0,0
121,Khandyga,RU,2021-12-06 21:30:26,62.6667,135.6,-18.06,99,100,1.59,overcast clouds,0,0
122,Filadelfia,US,2021-12-06 21:28:19,39.9523,-75.1638,65.01,68,1,8.99,clear sky,0,0
123,Taga,RO,2021-12-06 21:30:27,46.95,24.05,39.69,93,100,2.73,overcast clouds,0,0
124,Three Hills,CA,2021-12-06 21:26:41,51.7001,-113.2686,16.48,73,72,3.44,broken clouds,0,0
125,Gold Coast,AU,2021-12-06 21:27:23,-28.0,153.4333,76.17,83,90,3.0,overcast clouds,0,0
126,Ilulissat,GL,2021-12-06 21:30:27,69.2167,-51.1,19.42,49,90,12.66,overcast clouds,0,0
127,Champerico,GT,2021-12-06 21:27:14,14.3,-91.9167,91.94,62,12,7.49,few clouds,0,0
128,Sarangani,PH,2021-12-06 21:30:28,5.4033,125.4636,82.36,78,99,14.25,overcast clouds,0,0
129,Pacific Grove,US,2021-12-06 21:30:28,36.6177,-121.9166,64.81,85,90,3.0,overcast clouds,0,0
130,Ulladulla,AU,2021-12-06 21:30:28,-35.35,150.4667,67.1,67,9,6.93,clear sky,0,0
131,Tezu,IN,2021-12-06 21:25:56,27.9167,96.1667,64.65,77,90,1.79,overcast clouds,0,0
132,Faanui,PF,2021-12-06 21:27:58,-16.4833,-151.75,80.11,79,97,15.61,moderate rain,0,0
133,New Norfolk,AU,2021-12-06 21:28:13,-42.7826,147.0587,56.7,74,100,1.95,light rain,0,0
134,Waipawa,NZ,2021-12-06 21:21:12,-41.4122,175.5153,55.45,97,100,3.2,light rain,0,0
135,Presidente Franco,PY,2021-12-06 21:27:40,-25.5333,-54.6167,91.92,30,20,8.05,few clouds,0,0
136,Pisco,PE,2021-12-06 21:30:29,-13.7,-76.2167,71.65,68,0,9.22,clear sky,0,0
137,Gizo,SB,2021-12-06 21:30:30,-8.103,156.8419,82.53,78,100,2.68,moderate rain,0,0
138,Lisakovsk,KZ,2021-12-06 21:30:30,52.5369,62.4936,15.06,89,69,6.38,broken clouds,0,0
139,Narsaq,GL,2021-12-06 21:29:12,60.9167,-46.05,21.42,69,77,19.1,broken clouds,0,0
140,Vaini,TO,2021-12-06 21:27:20,-21.2,-175.2,80.76,83,40,10.36,scattered clouds,0,0
141,Monze,ZM,2021-12-06 21:30:31,-16.2833,27.4833,77.81,44,100,6.02,overcast clouds,0,0
142,Denpasar,ID,2021-12-06 21:30:31,-8.65,115.2167,78.46,94,75,4.61,light rain,0,0
143,Jinxiang,CN,2021-12-06 21:27:01,27.4327,120.6062,53.82,82,2,8.88,clear sky,0,0
144,Acarau,BR,2021-12-06 21:26:01,-2.8856,-40.12,81.9,78,49,19.6,scattered clouds,0,0
145,Machico,PT,2021-12-06 21:30:32,32.7,-16.7667,65.03,79,75,18.41,broken clouds,0,0
146,Mnogovershinnyy,RU,2021-12-06 21:30:32,53.9353,139.9242,12.06,65,99,20.85,overcast clouds,0,0
147,Campana,AR,2021-12-06 21:30:11,-34.1687,-58.9591,81.32,56,2,10.65,clear sky,0,0
148,Kodiak,US,2021-12-06 21:30:32,57.79,-152.4072,36.91,87,90,17.27,moderate rain,4.32,0
149,Pontes E Lacerda,BR,2021-12-06 21:30:33,-15.2261,-59.3353,78.01,87,66,1.36,broken clouds,0,0
150,Fort-Shevchenko,KZ,2021-12-06 21:30:33,44.5086,50.263,45.39,91,28,1.63,scattered clouds,0,0
151,Faya,SA,2021-12-06 21:27:13,18.3851,42.4509,54.12,28,0,4.25,clear sky,0,0
152,Tikhvin,RU,2021-12-06 21:30:34,59.6451,33.5294,12.9,94,100,7.67,light snow,0,0
153,Leh,IN,2021-12-06 21:30:34,34.1667,77.5833,9.91,75,20,4.74,few clouds,0,0
154,Hofn,IS,2021-12-06 21:26:49,64.2539,-15.2082,37.99,73,100,13.98,overcast clouds,0,0
155,San Jeronimo,PE,2021-12-06 21:30:35,-11.9472,-75.2829,56.14,73,100,4.41,light rain,0,0
156,Fairbanks,US,2021-12-06 21:28:06,64.8378,-147.7164,26.56,73,90,5.75,overcast clouds,0,0
157,Nurota,UZ,2021-12-06 21:30:35,40.5614,65.6886,46.49,40,100,4.74,light rain,0,0
158,Provideniya,RU,2021-12-06 21:30:35,64.3833,-173.3,14.36,79,75,13.42,broken clouds,0,0
159,Hailar,CN,2021-12-06 21:26:57,49.2,119.7,13.01,89,8,10.11,clear sky,0,0
160,Hilo,US,2021-12-06 21:30:36,19.7297,-155.09,75.61,87,90,5.75,moderate rain,0,0
161,Lorengau,PG,2021-12-06 21:30:25,-2.0226,147.2712,83.88,81,96,14.32,overcast clouds,0,0
162,Bandarbeyla,SO,2021-12-06 21:30:36,9.4942,50.8122,75.83,64,9,15.64,clear sky,0,0
163,Jiuquan,CN,2021-12-06 21:30:37,39.7432,98.5174,25.77,51,57,7.63,broken clouds,0,0
164,Namatanai,PG,2021-12-06 21:30:37,-3.6667,152.4333,80.65,83,100,4.25,light rain,0,0
165,Kaputa,ZM,2021-12-06 21:30:37,-8.4689,29.6619,68.61,85,100,3.4,overcast clouds,0,0
166,Airai,TL,2021-12-06 21:28:18,-8.9266,125.4092,60.46,92,81,1.99,broken clouds,0,0
167,Georgetown,MY,2021-12-06 21:30:38,5.4112,100.3354,78.89,81,20,1.99,few clouds,0,0
168,San Patricio,US,2021-12-06 21:26:27,28.017,-97.5169,75.04,63,100,20.54,overcast clouds,0,0
169,Lakes Entrance,AU,2021-12-06 21:30:38,-37.8811,147.981,69.17,72,65,5.97,broken clouds,0,0
170,Saint-Augustin,CA,2021-12-06 21:30:39,51.226,-58.6502,23.41,54,100,6.64,overcast clouds,0,0
171,Bulalacao,PH,2021-12-06 21:30:39,12.3254,121.3435,76.26,82,100,14.16,overcast clouds,0,0
172,Mezen,RU,2021-12-06 21:25:23,65.8522,44.24,15.78,82,95,11.56,overcast clouds,0,0
173,Aksarka,RU,2021-12-06 21:30:40,66.5606,67.7975,5.86,87,100,8.99,overcast clouds,0,0
174,Lima,PE,2021-12-06 21:30:10,-12.0432,-77.0282,67.14,77,75,10.36,heavy intensity rain,0,0
175,Cap Malheureux,MU,2021-12-06 21:30:40,-19.9842,57.6142,79.29,69,0,7.0,clear sky,0,0
176,Touros,BR,2021-12-06 21:30:41,-5.1989,-35.4608,81.5,73,11,14.85,few clouds,0,0
177,Isangel,VU,2021-12-06 21:30:41,-19.55,169.2667,84.31,74,40,0.0,scattered clouds,0,0
178,Vakhsh,TJ,2021-12-06 21:30:41,37.7149,68.8346,44.82,70,75,0.0,broken clouds,0,0
179,Pangnirtung,CA,2021-12-06 21:30:42,66.1451,-65.7125,12.2,73,90,12.66,light snow,0,0
180,Saint George,US,2021-12-06 21:30:42,37.1041,-113.5841,70.27,26,1,1.01,clear sky,0,0
181,Antofagasta,CL,2021-12-06 21:30:42,-23.65,-70.4,65.5,73,45,7.31,scattered clouds,0,0
182,Saskylakh,RU,2021-12-06 21:26:30,71.9167,114.0833,-18.76,97,96,6.82,overcast clouds,0,0
183,Tahta,EG,2021-12-06 21:30:43,26.7693,31.5021,61.48,54,98,5.06,overcast clouds,0,0
184,Pyaozerskiy,RU,2021-12-06 21:30:43,65.8333,31.1667,-5.31,98,76,3.38,broken clouds,0,0
185,Taoudenni,ML,2021-12-06 21:30:44,22.6783,-3.9836,65.19,17,94,12.71,overcast clouds,0,0
186,Bethel,US,2021-12-06 21:30:44,41.3712,-73.414,57.49,88,75,4.0,broken clouds,0,0
187,Assomada,CV,2021-12-06 21:30:44,15.1,-23.6833,71.15,74,21,10.71,few clouds,0,0
188,Ballitoville,ZA,2021-12-06 21:29:21,-29.539,31.2144,75.24,73,0,4.61,clear sky,0,0
189,Kalawit,PH,2021-12-06 21:30:45,8.0667,122.5167,77.88,85,100,7.7,overcast clouds,0,0
190,Yerbogachen,RU,2021-12-06 21:26:28,61.2767,108.0108,-7.8,96,100,2.37,overcast clouds,0,0
191,Oktyabrskiy,RU,2021-12-06 21:24:50,54.4815,53.471,13.41,86,12,4.34,few clouds,0,0
192,Port Hawkesbury,CA,2021-12-06 21:30:45,45.6169,-61.3485,44.19,96,90,11.01,moderate rain,0,0
193,Lebu,CL,2021-12-06 21:30:46,-37.6167,-73.65,61.92,77,3,13.47,clear sky,0,0
194,Port Elizabeth,ZA,2021-12-06 21:30:46,-33.918,25.5701,63.1,94,40,6.91,scattered clouds,0,0
195,Raipur,IN,2021-12-06 21:27:22,21.2333,81.6333,66.09,64,0,7.0,clear sky,0,0
196,Saldanha,ZA,2021-12-06 21:30:47,-33.0117,17.9442,59.05,84,11,13.98,few clouds,0,0
197,Sur,OM,2021-12-06 21:30:47,22.5667,59.5289,72.1,64,0,5.5,clear sky,0,0
198,Mount Gambier,AU,2021-12-06 21:30:47,-37.8333,140.7667,57.11,67,40,9.22,scattered clouds,0,0
199,Shache,CN,2021-12-06 21:26:55,38.4167,77.2406,30.04,34,0,2.86,clear sky,0,0
200,Yagodnoye,RU,2021-12-06 21:30:48,62.55,149.6667,-29.18,93,99,2.91,overcast clouds,0,0
201,Tambovka,RU,2021-12-06 21:30:48,50.0969,128.0489,10.51,90,93,7.47,overcast clouds,0,0
202,Coquimbo,CL,2021-12-06 21:26:40,-29.9533,-71.3436,63.48,69,5,5.64,clear sky,0,0
203,Kavaratti,IN,2021-12-06 21:30:48,10.5669,72.642,80.06,67,8,11.61,clear sky,0,0
204,Tautira,PF,2021-12-06 21:30:49,-17.7333,-149.15,86.02,77,66,15.86,broken clouds,0,0
205,Vostok,RU,2021-12-06 21:30:49,46.4856,135.8833,7.75,99,99,4.32,overcast clouds,0,0
206,Te Anau,NZ,2021-12-06 21:30:49,-45.4167,167.7167,57.36,60,14,0.74,few clouds,0,0
207,Santiago Del Estero,AR,2021-12-06 21:30:50,-27.7951,-64.2615,88.0,36,70,5.57,broken clouds,0,0
208,Carnarvon,AU,2021-12-06 21:30:50,-24.8667,113.6333,71.67,83,90,14.97,overcast clouds,0,0
209,Kenora,CA,2021-12-06 21:30:51,49.8167,-94.4337,-0.42,65,40,10.36,scattered clouds,0,0
210,Srivardhan,IN,2021-12-06 21:30:51,18.0333,73.0167,72.57,85,0,4.14,clear sky,0,0
211,Tornio,FI,2021-12-06 21:30:51,65.8481,24.1466,-11.18,99,73,5.19,broken clouds,0,0
212,Ndjole,GA,2021-12-06 21:30:52,-0.1783,10.7649,74.14,99,100,0.45,light rain,0,0
213,Necochea,AR,2021-12-06 21:30:52,-38.5473,-58.7368,76.03,49,0,16.13,clear sky,0,0
214,Proletariy,RU,2021-12-06 21:30:52,58.4342,31.7046,18.09,95,100,4.52,overcast clouds,0,0
215,Monkey Bay,MW,2021-12-06 21:30:53,-14.0728,34.9201,81.05,68,96,6.67,overcast clouds,0,0
216,Olga,RU,2021-12-06 21:30:53,43.7444,135.2892,27.75,79,5,5.75,clear sky,0,0
217,Cabo San Lucas,MX,2021-12-06 21:30:53,22.8909,-109.9124,84.51,57,1,8.05,clear sky,0,0
218,Victoria,HK,2021-12-06 21:29:04,22.2855,114.1577,65.32,64,6,5.01,clear sky,0,0
219,Makasar,ID,2021-12-06 21:30:54,-5.14,119.4221,73.45,100,40,8.05,moderate rain,0,0
220,Naryan-Mar,RU,2021-12-06 21:30:54,67.6713,53.087,16.86,94,90,6.96,overcast clouds,0,0
221,Sao Filipe,CV,2021-12-06 21:30:55,14.8961,-24.4956,77.74,69,23,6.15,few clouds,0,0
222,Goderich,CA,2021-12-06 21:30:04,43.7501,-81.7165,34.92,69,100,29.93,light rain,0,0
223,Erenhot,CN,2021-12-06 21:26:24,43.6475,111.9767,20.57,62,34,5.84,scattered clouds,0,0
224,Ahipara,NZ,2021-12-06 21:24:46,-35.1667,173.1667,69.89,79,100,8.1,overcast clouds,0,0
225,Salaga,GH,2021-12-06 21:30:55,8.5508,-0.5188,83.32,19,82,3.31,broken clouds,0,0
226,Maryville,US,2021-12-06 21:28:44,35.7565,-83.9705,58.19,90,75,3.0,broken clouds,0,0
227,Bahia Blanca,AR,2021-12-06 21:26:21,-38.7196,-62.2724,83.52,33,0,8.81,clear sky,0,0
228,Concepcion,CL,2021-12-06 21:30:56,-36.827,-73.0498,60.55,81,69,11.48,broken clouds,0,0
229,Lata,PT,2021-12-06 21:30:56,40.1629,-8.3327,57.04,95,100,2.13,overcast clouds,0,0
230,Saint-Philippe,RE,2021-12-06 21:30:56,-21.3585,55.7679,78.39,80,27,9.33,scattered clouds,0,0
231,Marsh Harbour,BS,2021-12-06 21:25:15,26.5412,-77.0636,77.97,80,4,13.27,clear sky,0,0
232,Belaya Gora,RU,2021-12-06 21:26:09,68.5333,146.4167,-22.95,97,100,0.89,overcast clouds,0,0
233,Lodwar,KE,2021-12-06 21:26:32,3.1191,35.5973,82.31,46,14,14.47,few clouds,0,0
234,Castro,BR,2021-12-06 21:27:30,-24.7911,-50.0119,62.46,90,96,4.56,overcast clouds,0,0
235,North Platte,US,2021-12-06 21:30:57,41.1239,-100.7654,31.98,48,1,1.99,clear sky,0,0
236,La Macarena,CO,2021-12-06 21:30:58,2.1837,-73.7849,77.05,92,87,2.84,overcast clouds,0,0
237,Halifax,CA,2021-12-06 21:30:58,44.6453,-63.5724,54.09,97,100,8.99,overcast clouds,0,0
238,Kieta,PG,2021-12-06 21:30:58,-6.2167,155.6333,83.95,77,100,6.06,overcast clouds,0,0
239,Borogontsy,RU,2021-12-06 21:26:31,62.6683,131.1683,-20.96,98,100,1.5,overcast clouds,0,0
240,Anori,BR,2021-12-06 21:30:59,-3.7728,-61.6442,77.22,95,71,3.31,broken clouds,0,0
241,Asau,RO,2021-12-06 21:22:58,46.4333,26.4,33.96,86,63,3.56,broken clouds,0,0
242,Ozernovskiy,RU,2021-12-06 21:31:00,51.5,156.5167,37.36,93,100,26.6,light rain,0,0
243,Letlhakane,BW,2021-12-06 21:31:00,-21.4167,25.5833,75.54,58,40,10.42,scattered clouds,0,0
244,Verkhnyaya Inta,RU,2021-12-06 21:31:00,65.9811,60.3094,8.37,93,100,23.58,light snow,0,0
245,Fortuna,US,2021-12-06 21:26:33,40.5982,-124.1573,51.66,73,75,5.99,broken clouds,0,0
246,Koshurnikovo,RU,2021-12-06 21:31:01,54.1667,93.3,8.74,96,86,3.42,overcast clouds,0,0
247,Tukrah,LY,2021-12-06 21:31:01,32.5341,20.5791,60.28,55,11,28.05,few clouds,0,0
248,Bontang,ID,2021-12-06 21:31:02,0.1333,117.5,76.44,86,100,7.47,overcast clouds,0,0
249,Sept-Iles,CA,2021-12-06 21:22:46,50.2001,-66.3821,27.12,96,90,11.01,snow,0,0
250,Gornozavodsk,RU,2021-12-06 21:31:02,58.3758,58.3211,-15.56,99,55,3.53,broken clouds,0,0
251,Klaksvik,FO,2021-12-06 21:24:04,62.2266,-6.589,41.92,72,98,31.16,overcast clouds,0,0
252,Xining,CN,2021-12-06 21:29:01,36.6167,101.7667,25.02,43,39,1.19,scattered clouds,0,0
253,Mackay,AU,2021-12-06 21:31:03,-21.15,149.2,81.68,83,40,8.05,scattered clouds,0,0
254,Eskisehir,TR,2021-12-06 21:31:03,39.7767,30.5206,48.11,76,75,8.05,broken clouds,0,0
255,Esperance,AU,2021-12-06 21:25:07,-33.8667,121.9,55.24,73,17,10.54,few clouds,0,0
256,Hamilton,US,2021-12-06 21:31:04,39.1834,-84.5333,39.72,58,1,4.0,clear sky,0,0
257,Barcelos,PT,2021-12-06 21:31:04,41.5388,-8.6151,57.34,96,100,4.47,overcast clouds,0,0
258,Aswan,EG,2021-12-06 21:23:35,24.0934,32.907,66.52,30,0,8.61,clear sky,0,0
259,Port Lincoln,AU,2021-12-06 21:31:04,-34.7333,135.8667,58.75,56,90,12.57,overcast clouds,0,0
260,Rawson,AR,2021-12-06 21:31:05,-43.3002,-65.1023,85.51,25,1,23.47,clear sky,0,0
261,Nouakchott,MR,2021-12-06 21:31:05,18.0858,-15.9785,71.53,24,71,11.9,broken clouds,0,0
262,Atherton,GB,2021-12-06 21:31:05,53.5237,-2.4935,41.43,90,58,11.01,light rain,0,0
263,Krasnoselkup,RU,2021-12-06 21:31:06,65.7,82.4667,-21.17,91,60,10.74,broken clouds,0,0
264,Norman Wells,CA,2021-12-06 21:26:30,65.282,-126.8329,-9.36,70,40,5.75,scattered clouds,0,0
265,Henties Bay,NA,2021-12-06 21:31:06,-22.116,14.2845,58.86,91,0,3.91,clear sky,0,0
266,Mackenzie,CA,2021-12-06 21:26:51,55.2999,-123.1698,10.62,85,90,0.0,light snow,0,0
267,Geraldton,AU,2021-12-06 21:31:07,-28.7667,114.6,75.61,46,0,14.97,clear sky,0,0
268,Urengoy,RU,2021-12-06 21:31:07,65.9667,78.3667,-12.26,87,96,12.57,overcast clouds,0,0
269,Nabire,ID,2021-12-06 21:26:51,-3.3667,135.4833,77.67,83,100,3.47,overcast clouds,0,0
270,Egvekinot,RU,2021-12-06 21:31:07,66.3167,-179.1667,2.86,91,100,5.97,overcast clouds,0,0
271,Shiraz,IR,2021-12-06 21:26:27,29.6036,52.5388,42.24,33,0,0.0,clear sky,0,0
272,Luquillo,PR,2021-12-06 21:31:08,18.3725,-65.7166,82.9,74,1,10.36,clear sky,0,0
273,General Roca,AR,2021-12-06 21:31:08,-39.0333,-67.5833,92.62,15,0,19.95,clear sky,0,0
274,Robertsport,LR,2021-12-06 21:31:09,6.7533,-11.3686,81.66,79,78,11.56,broken clouds,0,0
275,Kruisfontein,ZA,2021-12-06 21:31:09,-34.0033,24.7314,60.89,93,81,5.46,broken clouds,0,0
276,Cam Ranh,VN,2021-12-06 21:31:09,11.9214,109.1591,75.16,60,20,16.11,few clouds,0,0
277,Hualmay,PE,2021-12-06 21:31:10,-11.0964,-77.6139,69.08,80,64,9.62,broken clouds,0,0
278,Mancio Lima,BR,2021-12-06 21:31:10,-7.6142,-72.8958,82.47,89,75,6.91,broken clouds,0,0
279,Chapais,CA,2021-12-06 21:30:22,49.7834,-74.8492,19.18,96,100,9.28,snow,0,0
280,Breves,BR,2021-12-06 21:31:10,-1.6822,-50.4803,77.92,85,81,4.92,broken clouds,0,0
281,Gap,FR,2021-12-06 21:31:11,44.6667,6.0,16.07,82,66,6.55,broken clouds,0,0
282,Vila Franca Do Campo,PT,2021-12-06 21:24:39,37.7167,-25.4333,64.2,80,100,6.78,overcast clouds,0,0
283,Ketchikan,US,2021-12-06 21:31:11,55.3422,-131.6461,28.87,74,1,5.75,clear sky,0,0
284,Pandan,PH,2021-12-06 21:27:13,14.0453,124.1694,78.01,84,72,14.97,broken clouds,0,0
285,San Quintin,MX,2021-12-06 21:31:12,30.4833,-115.95,66.11,66,0,8.59,clear sky,0,0
286,Port Augusta,AU,2021-12-06 21:31:12,-32.5,137.7667,64.54,63,9,16.49,clear sky,0,0
287,Constitucion,CL,2021-12-06 21:30:56,-35.3333,-72.4167,60.82,78,62,10.25,broken clouds,0,0
288,Chara,RU,2021-12-06 21:26:53,56.9064,118.2631,-4.67,74,65,1.9,broken clouds,0,0
289,Puerto Del Rosario,ES,2021-12-06 21:31:12,28.5004,-13.8627,64.15,72,75,14.97,broken clouds,0,0
290,Constanta,RO,2021-12-06 21:31:13,44.1833,28.65,52.7,85,97,16.8,overcast clouds,0,0
291,Leningradskiy,RU,2021-12-06 21:28:20,69.3833,178.4167,-6.61,88,100,26.69,overcast clouds,0,0
292,Mitsamiouli,KM,2021-12-06 21:31:13,-11.3847,43.2844,81.09,78,86,11.41,overcast clouds,0,0
293,Ruda Nad Moravou,CZ,2021-12-06 21:31:14,49.981,16.8778,29.53,92,59,4.38,broken clouds,0,0
294,Bonfim,BR,2021-12-06 21:26:26,3.0833,-59.95,87.75,60,93,5.17,overcast clouds,0,0
295,Mount Isa,AU,2021-12-06 21:31:11,-20.7333,139.5,73.17,73,90,4.61,overcast clouds,0,0
296,Kaeo,NZ,2021-12-06 21:25:58,-35.1,173.7833,72.32,85,100,7.52,overcast clouds,0,0
297,Puerto Carreno,CO,2021-12-06 21:29:12,6.189,-67.4859,91.38,52,20,9.22,few clouds,0,0
298,Dargaville,NZ,2021-12-06 21:31:15,-35.9333,173.8833,73.81,64,100,6.04,light rain,0,0
299,Thompson,CA,2021-12-06 21:27:33,55.7435,-97.8558,-16.44,69,1,9.22,clear sky,0,0
300,Oranjemund,NA,2021-12-06 21:26:42,-28.55,16.4333,61.09,87,15,18.45,few clouds,0,0
301,Marawi,PH,2021-12-06 21:31:15,7.9986,124.2928,66.65,98,100,4.03,overcast clouds,0,0
302,Mehamn,NO,2021-12-06 21:25:10,71.0357,27.8492,24.98,93,99,11.43,overcast clouds,0,0
303,Rincon,US,2021-12-06 21:31:16,32.296,-81.2354,71.78,60,75,8.05,broken clouds,0,0
304,Snezhnogorsk,RU,2021-12-06 21:31:16,69.1933,33.2531,8.38,82,100,20.42,overcast clouds,0,0
305,Havre-Saint-Pierre,CA,2021-12-06 21:31:16,50.2334,-63.5986,28.4,100,90,17.27,snow,0,0
306,Gogrial,SS,2021-12-06 21:31:17,8.5332,28.1004,80.15,29,96,2.21,overcast clouds,0,0
307,Zalesovo,RU,2021-12-06 21:27:09,53.9939,84.7431,31.01,98,100,11.68,snow,0,0
308,Nanortalik,GL,2021-12-06 21:31:17,60.1432,-45.2371,24.46,70,58,42.21,broken clouds,0,0
309,Kushima,JP,2021-12-06 21:26:19,31.4583,131.2333,49.51,80,0,5.19,clear sky,0,0
310,Saint-Francois,FR,2021-12-06 21:25:47,46.4154,3.9054,39.47,92,90,4.61,light intensity drizzle rain,0,0
311,Husavik,IS,2021-12-06 21:31:18,66.0449,-17.3389,31.91,88,73,9.64,broken clouds,0,0
312,Stanovoye,RU,2021-12-06 21:31:18,52.7638,38.3582,28.35,94,100,12.68,light snow,0,0
313,Tuatapere,NZ,2021-12-06 21:31:18,-46.1333,167.6833,61.83,52,1,2.26,clear sky,0,0
314,Bonavista,CA,2021-12-06 21:31:19,48.6499,-53.1147,32.11,56,87,11.27,overcast clouds,0,0
315,Twin Falls,US,2021-12-06 21:31:19,42.3505,-114.6445,36.3,65,90,5.75,light rain,0,0
316,Cacheu,GW,2021-12-06 21:31:20,12.2706,-16.1658,77.0,86,69,4.47,broken clouds,0,0
317,Stary Sacz,PL,2021-12-06 21:31:20,49.5636,20.635,34.9,92,100,3.2,light snow,0,0
318,Castlemaine,AU,2021-12-06 21:31:20,-37.0667,144.2167,65.28,84,59,5.64,broken clouds,0,0
319,Half Moon Bay,US,2021-12-06 21:30:06,37.4636,-122.4286,61.95,88,75,1.99,mist,0,0
320,Gladstone,AU,2021-12-06 21:25:50,-23.85,151.25,77.79,73,76,6.91,broken clouds,0,0
321,Mendoza,AR,2021-12-06 21:30:34,-32.8908,-68.8272,85.53,45,40,3.44,scattered clouds,0,0
322,Pangai,TO,2021-12-06 21:30:15,-19.8,-174.35,82.51,61,75,12.66,broken clouds,0,0
323,Yumen,CN,2021-12-06 21:28:37,40.2833,97.2,24.26,54,100,5.5,overcast clouds,0,0
324,Batemans Bay,AU,2021-12-06 21:25:17,-35.7167,150.1833,68.92,69,7,4.59,clear sky,0,0
325,Minab,IR,2021-12-06 21:31:21,27.1467,57.0801,63.9,67,18,0.83,few clouds,0,0
326,Sobolevo,RU,2021-12-06 21:31:22,54.4299,31.8996,28.29,97,100,7.11,light snow,0,0
327,Nemuro,JP,2021-12-06 21:31:22,43.3236,145.575,42.3,78,1,10.83,clear sky,0,0
328,Lucea,JM,2021-12-06 21:31:22,18.451,-78.1736,84.06,76,16,12.48,few clouds,0,0
329,Lucera,IT,2021-12-06 21:31:23,41.5082,15.3351,45.82,74,94,17.58,overcast clouds,0,0
330,Port Hardy,CA,2021-12-06 21:30:05,50.6996,-127.4199,41.0,93,90,27.63,light rain,0,0
331,Ambanja,MG,2021-12-06 21:31:23,-13.6833,48.45,75.24,86,28,2.37,scattered clouds,0,0
332,Broome,US,2021-12-06 21:25:01,42.2506,-75.833,54.01,80,90,1.99,overcast clouds,0,0
333,Whitehorse,CA,2021-12-06 21:26:45,60.7161,-135.0538,0.37,84,90,11.01,light snow,0,0
334,Itoman,JP,2021-12-06 21:31:24,26.1247,127.6694,66.22,82,20,8.05,few clouds,0,0
335,Alice Town,BS,2021-12-06 21:31:24,25.7167,-79.3,77.45,82,34,7.56,scattered clouds,0,0
336,Mulege,MX,2021-12-06 21:31:25,26.8833,-111.9833,76.96,30,0,9.24,clear sky,0,0
337,Salinopolis,BR,2021-12-06 21:31:25,-0.6136,-47.3561,79.23,87,75,9.62,moderate rain,0,0
338,Mahibadhoo,MV,2021-12-06 21:31:26,3.7833,72.9667,82.2,73,21,10.04,few clouds,0,0
339,Aldan,RU,2021-12-06 21:31:26,58.6031,125.3894,1.6,79,100,12.73,overcast clouds,0,0
340,Pevek,RU,2021-12-06 21:28:00,69.7008,170.3133,-12.03,94,100,14.36,overcast clouds,0,0
341,Ossora,RU,2021-12-06 21:31:26,59.2353,163.0719,12.61,85,99,5.93,overcast clouds,0,0
342,Nanyamba,TZ,2021-12-06 21:31:27,-10.6833,39.8333,70.66,93,99,2.3,overcast clouds,0,0
343,Berlevag,NO,2021-12-06 21:31:27,70.8578,29.0864,22.95,86,75,14.97,light shower snow,0,0
344,Katherine,AU,2021-12-06 21:31:27,-14.4667,132.2667,80.92,74,46,0.0,scattered clouds,0,0
345,Gallup,US,2021-12-06 21:28:23,35.5281,-108.7426,57.96,21,1,3.0,clear sky,0,0
346,Aklavik,CA,2021-12-06 21:31:28,68.2191,-135.0107,16.52,85,75,6.91,broken clouds,0,0
347,Bardoli,IN,2021-12-06 21:31:28,21.1167,73.1167,70.93,65,0,6.62,clear sky,0,0
348,Awbari,LY,2021-12-06 21:31:29,26.5921,12.7805,48.18,44,0,8.68,clear sky,0,0
349,Acapulco,MX,2021-12-06 21:31:29,16.8634,-99.8901,87.62,70,1,4.61,clear sky,0,0
350,Chuy,UY,2021-12-06 21:31:29,-33.6971,-53.4616,66.78,77,5,8.79,clear sky,0,0
351,Alugan,PH,2021-12-06 21:31:30,12.2188,125.4808,80.22,77,99,13.69,overcast clouds,0,0
352,Rosetown,CA,2021-12-06 21:26:41,51.5501,-108.0014,7.99,78,100,6.91,overcast clouds,0,0
353,Kahului,US,2021-12-06 21:31:30,20.8947,-156.47,77.97,96,90,13.8,light rain,0.25,0
354,Manyana,BW,2021-12-06 21:31:31,-23.4,21.7167,77.23,20,34,11.36,scattered clouds,0,0
355,Severo-Kurilsk,RU,2021-12-06 21:31:31,50.6789,156.125,37.15,88,64,16.15,broken clouds,0,0
356,Iquique,CL,2021-12-06 21:31:31,-20.2208,-70.1431,67.66,77,89,6.02,overcast clouds,0,0
357,San Joaquin,US,2021-12-06 21:31:32,37.9333,-121.3011,53.85,79,90,0.0,haze,0,0
358,Semirom,IR,2021-12-06 21:31:32,31.4167,51.5667,34.11,55,3,4.5,clear sky,0,0
359,Sorochinsk,RU,2021-12-06 21:31:32,52.4338,53.1583,18.57,93,90,5.01,overcast clouds,0,0
360,Omsukchan,RU,2021-12-06 21:31:33,62.5333,155.8,-26.79,93,47,1.9,scattered clouds,0,0
361,Praia Da Vitoria,PT,2021-12-06 21:30:07,38.7333,-27.0667,62.85,82,75,9.15,broken clouds,0,0
362,Marienburg,PL,2021-12-06 21:31:33,54.0359,19.0266,29.12,83,81,6.15,broken clouds,0,0
363,Wajid,SO,2021-12-06 21:31:33,3.8093,43.2471,76.77,58,46,9.98,scattered clouds,0,0
364,Vao,NC,2021-12-06 21:31:34,-22.6667,167.4833,77.83,79,0,6.98,clear sky,0,0
365,Mandalgovi,MN,2021-12-06 21:31:34,45.7625,106.2708,21.18,36,57,7.81,broken clouds,0,0
366,Coahuayana,MX,2021-12-06 21:31:34,18.7333,-103.6833,92.68,45,54,5.48,broken clouds,0,0
367,Moa,CU,2021-12-06 21:31:35,20.6569,-74.9403,80.2,79,64,12.86,broken clouds,0,0
368,Lamu,KE,2021-12-06 21:31:35,-2.2717,40.902,78.91,81,99,8.46,overcast clouds,0,0
369,Resistencia,AR,2021-12-06 21:31:35,-27.4606,-58.9839,89.58,43,75,12.66,broken clouds,0,0
370,Kushmurun,KZ,2021-12-06 21:31:36,52.4503,64.6311,15.39,95,83,7.07,broken clouds,0,0
371,Abu Kamal,SY,2021-12-06 21:31:36,34.4506,40.9171,53.65,47,99,2.89,overcast clouds,0,0
372,Zyryanka,RU,2021-12-06 21:22:12,65.75,150.85,-32.24,94,96,4.21,overcast clouds,0,0
373,Sola,VU,2021-12-06 21:31:36,-13.8833,167.55,81.27,89,75,0.0,broken clouds,0,0
374,Waddan,LY,2021-12-06 21:28:17,29.1614,16.139,52.39,35,0,17.83,clear sky,0,0
375,Salalah,OM,2021-12-06 21:26:18,17.0151,54.0924,75.29,33,0,8.05,clear sky,0,0
376,Bobcaygeon,CA,2021-12-06 21:31:37,44.5462,-78.542,35.87,78,94,17.34,overcast clouds,0,0
377,Jyvaskyla,FI,2021-12-06 21:29:24,62.2415,25.7209,12.56,86,20,5.75,light snow,0,0
378,Flin Flon,CA,2021-12-06 21:31:38,54.7682,-101.865,-9.56,64,40,4.61,scattered clouds,0,0
379,Zhangye,CN,2021-12-06 21:28:00,38.9342,100.4517,24.55,58,40,5.28,scattered clouds,0,0
380,Akdepe,TM,2021-12-06 21:31:38,42.0551,59.3788,32.09,74,0,6.89,clear sky,0,0
381,Provins,FR,2021-12-06 21:31:38,48.5833,3.1667,42.85,89,96,14.18,overcast clouds,0,0
382,Fort Nelson,CA,2021-12-06 21:31:39,58.8053,-122.7002,-13.41,77,40,3.44,scattered clouds,0,0
383,Balkhash,KZ,2021-12-06 21:31:39,46.844,74.9804,33.87,99,100,3.8,light rain,0,0
384,San Lorenzo,PY,2021-12-06 21:31:39,-25.3333,-57.5333,88.74,38,20,15.01,few clouds,0,0
385,Chik,RU,2021-12-06 21:31:40,54.9928,82.4311,28.18,100,90,8.95,snow,0,0
386,Ganzhou,CN,2021-12-06 21:31:40,28.8184,115.4327,48.52,46,1,4.88,clear sky,0,0
387,Opelousas,US,2021-12-06 21:27:10,30.5335,-92.0815,78.69,100,90,0.0,thunderstorm with heavy rain,0,0
388,Talara,PE,2021-12-06 21:31:40,-4.5772,-81.2719,74.16,68,0,12.66,clear sky,0,0
389,Kiunga,PG,2021-12-06 21:25:30,-6.1219,141.2906,72.72,99,99,0.38,overcast clouds,0,0
390,Rocha,UY,2021-12-06 21:31:41,-34.4833,-54.3333,66.65,78,26,8.95,scattered clouds,0,0
391,Concarneau,FR,2021-12-06 21:31:41,47.875,-3.9225,49.05,78,31,10.67,scattered clouds,0,0
392,Lodi,US,2021-12-06 21:31:42,38.1302,-121.2725,54.84,87,100,1.34,overcast clouds,0,0
393,Piranhas,BR,2021-12-06 21:31:42,-16.4269,-51.8222,79.38,73,47,1.92,heavy intensity rain,0,0
394,Muros,ES,2021-12-06 21:31:42,42.7762,-9.0603,57.09,96,100,6.62,overcast clouds,0,0
395,Margate,GB,2021-12-06 21:31:43,51.3813,1.3862,40.03,83,13,4.0,few clouds,0,0
396,Padang,ID,2021-12-06 21:31:43,-0.9492,100.3543,76.84,81,91,3.74,overcast clouds,0,0
397,Vega De Alatorre,MX,2021-12-06 21:31:43,20.0333,-96.6333,79.97,76,6,5.79,clear sky,0,0
398,Aksu,CN,2021-12-06 21:31:44,41.1231,80.2644,27.81,52,23,2.37,few clouds,0,0
399,Winneba,GH,2021-12-06 21:31:44,5.3511,-0.6231,84.67,85,100,9.24,overcast clouds,0,0
400,Mizdah,LY,2021-12-06 21:31:44,31.4451,12.9801,45.48,44,0,20.92,clear sky,0,0
401,Letchworth,GB,2021-12-06 21:31:45,51.9794,-0.2284,39.54,89,50,1.99,scattered clouds,0,0
402,Ekuvukeni,ZA,2021-12-06 21:31:45,-28.4675,30.1551,61.9,69,1,2.62,clear sky,0,0
403,Udachnyy,RU,2021-12-06 21:31:45,66.4167,112.4,-36.33,99,78,5.06,broken clouds,0,0
404,Washim,IN,2021-12-06 21:31:46,20.1,77.15,64.85,61,0,6.53,clear sky,0,0
405,Challapata,BO,2021-12-06 21:31:46,-18.9,-66.7667,56.95,52,79,8.86,broken clouds,0,0
406,Kavieng,PG,2021-12-06 21:31:47,-2.5744,150.7967,82.33,81,100,11.48,moderate rain,0,0
407,San Ramon,US,2021-12-06 21:29:11,37.7799,-121.978,56.84,88,40,0.0,mist,0,0
408,Shellbrook,CA,2021-12-06 21:31:47,53.2168,-106.4011,-4.77,91,54,5.5,broken clouds,0,0
409,Dingle,PH,2021-12-06 21:28:27,10.9995,122.6711,74.17,88,95,4.81,overcast clouds,0,0
410,Nouadhibou,MR,2021-12-06 21:27:09,20.931,-17.0347,67.98,45,88,9.22,overcast clouds,0,0
411,Aleksandrovsk-Sakhalinskiy,RU,2021-12-06 21:31:48,50.8975,142.1561,21.06,63,47,23.8,scattered clouds,0,0
412,San Felipe,VE,2021-12-06 21:31:48,10.3399,-68.7425,74.3,88,60,6.2,broken clouds,0,0
413,Barra,BR,2021-12-06 21:31:49,-11.0894,-43.1417,81.48,57,39,4.47,scattered clouds,0,0
414,Dalbandin,PK,2021-12-06 21:31:49,28.8947,64.4101,52.34,25,0,4.21,clear sky,0,0
415,San Angelo,US,2021-12-06 21:30:19,31.4638,-100.437,53.82,28,1,4.0,clear sky,0,0
416,Shaami-Yurt,RU,2021-12-06 21:31:49,43.2294,45.3931,38.93,78,7,0.36,clear sky,0,0
417,Merauke,ID,2021-12-06 21:31:50,-8.4667,140.3333,79.95,78,100,5.14,overcast clouds,0,0
418,Aden,YE,2021-12-06 21:31:50,12.7794,45.0367,79.16,67,33,12.41,scattered clouds,0,0
419,Lambare,PY,2021-12-06 21:31:50,-25.3468,-57.6065,89.19,38,20,14.97,few clouds,0,0
420,Cockburn Town,TC,2021-12-06 21:31:51,21.4612,-71.1419,80.73,80,93,19.66,overcast clouds,0,0
421,Xushan,CN,2021-12-06 21:31:51,30.1764,121.2457,52.97,80,0,2.33,clear sky,0,0
422,San Nicolas,PH,2021-12-06 21:25:48,18.1725,120.5953,76.91,69,75,11.5,broken clouds,0,0
423,Santa Cruz Do Sul,BR,2021-12-06 21:31:52,-29.7175,-52.4258,76.98,63,69,9.82,broken clouds,0,0
424,Houma,US,2021-12-06 21:31:52,29.5958,-90.7195,79.0,76,40,11.5,scattered clouds,0,0
425,Haines Junction,CA,2021-12-06 21:31:52,60.7522,-137.5108,15.12,96,100,2.93,light snow,0,0
426,Castellana Grotte,IT,2021-12-06 21:31:53,40.8864,17.1655,47.52,81,94,21.41,overcast clouds,0,0
427,Praya,CV,2021-12-06 21:26:18,14.9215,-23.5087,75.74,73,36,19.57,scattered clouds,0,0
428,Kawalu,ID,2021-12-06 21:26:23,-7.3817,108.2082,71.26,95,100,3.13,overcast clouds,0,0
429,Perpignan,FR,2021-12-06 21:27:02,42.75,2.75,46.98,65,90,5.75,overcast clouds,0,0
430,Launceston,AU,2021-12-06 21:31:46,-41.45,147.1667,60.62,86,75,3.0,broken clouds,0,0
431,Nantucket,US,2021-12-06 21:31:53,41.2835,-70.0995,59.34,93,20,19.57,mist,0,0
432,Kamenka,RU,2021-12-06 21:31:54,51.3223,42.7678,26.74,78,100,13.04,overcast clouds,0,0
433,Yar-Sale,RU,2021-12-06 21:25:26,66.8333,70.8333,4.93,96,95,7.78,overcast clouds,0,0
434,Jalna,IN,2021-12-06 21:31:54,19.8333,75.8833,66.4,55,0,8.03,clear sky,0,0
435,Tigil,RU,2021-12-06 21:31:55,57.8,158.6667,25.95,96,100,14.36,snow,0,0
436,Baykit,RU,2021-12-06 21:27:22,61.67,96.37,-1.19,99,100,1.72,overcast clouds,0,0
437,Roma,US,2021-12-06 21:29:29,43.2128,-75.4557,53.11,90,90,5.99,moderate rain,0,0
438,Lar,IN,2021-12-06 21:31:55,26.2039,83.9717,67.12,52,6,7.25,clear sky,0,0
439,Muisne,EC,2021-12-06 21:26:38,0.6,-80.0333,82.51,79,73,7.34,broken clouds,0,0
440,Reforma,MX,2021-12-06 21:31:56,18.1,-91.0167,87.19,63,9,6.33,clear sky,0,0
441,Otsuchi,JP,2021-12-06 21:31:56,39.3667,141.9,48.54,84,100,5.68,overcast clouds,0,0
442,Khuzdar,PK,2021-12-06 21:31:57,27.7384,66.6434,47.59,44,0,1.21,clear sky,0,0
443,Innisfail,AU,2021-12-06 21:31:57,-17.5333,146.0333,83.88,75,24,5.19,few clouds,0,0
444,Sioux Falls,US,2021-12-06 21:29:02,43.55,-96.7003,15.66,53,75,11.5,broken clouds,0,0
445,Barentu,ER,2021-12-06 21:31:57,15.1139,37.5928,71.65,42,0,4.76,clear sky,0,0
446,Dunedin,NZ,2021-12-06 21:31:45,-45.8742,170.5036,51.04,92,100,10.4,overcast clouds,0,0
447,Buritizeiro,BR,2021-12-06 21:31:58,-17.3511,-44.9622,76.89,72,90,4.41,heavy intensity rain,0,0
448,Saint-Pierre,RE,2021-12-06 21:25:40,-21.3393,55.4781,78.48,74,90,13.8,overcast clouds,0,0
449,Puyo,EC,2021-12-06 21:31:59,-1.4667,-77.9833,73.87,100,75,0.0,light rain,0,0
450,Tanout,NE,2021-12-06 21:31:59,14.9709,8.8879,69.84,16,3,10.18,clear sky,0,0
451,Flinders,AU,2021-12-06 21:31:59,-34.5833,150.8552,70.38,79,31,4.72,scattered clouds,0,0
452,Otane,NZ,2021-12-06 21:32:00,-39.8833,176.6333,66.0,70,100,4.12,light rain,0,0
453,Laguna,US,2021-12-06 21:32:00,38.421,-121.4238,56.21,90,90,1.01,mist,0,0
454,Lagoa,PT,2021-12-06 21:32:00,39.05,-27.9833,63.54,79,100,20.85,overcast clouds,0,0
455,Tiksi,RU,2021-12-06 21:27:30,71.6872,128.8694,-25.22,93,100,9.73,overcast clouds,0,0
456,Joensuu,FI,2021-12-06 21:25:54,62.6012,29.7632,16.29,78,75,8.05,light shower snow,0,0
457,Huarmey,PE,2021-12-06 21:32:01,-10.0681,-78.1522,69.49,80,94,8.79,overcast clouds,0,0
458,Ranong,TH,2021-12-06 21:32:01,9.9658,98.6348,71.73,89,72,6.06,broken clouds,0,0
459,Pombia,IT,2021-12-06 21:32:02,45.653,8.6336,40.05,66,0,8.05,clear sky,0,0
460,Bezenchuk,RU,2021-12-06 21:32:02,52.982,49.4333,21.22,94,58,4.21,broken clouds,0,0
461,Orlik,RU,2021-12-06 21:25:55,52.5178,99.825,-0.9,82,95,1.86,overcast clouds,0,0
462,Rio Grande,BR,2021-12-06 21:30:08,-32.035,-52.0986,75.31,70,17,14.38,few clouds,0,0
463,Salamiyah,SY,2021-12-06 21:30:30,35.0113,37.0532,53.83,47,95,12.53,overcast clouds,0,0
464,Bardiyah,LY,2021-12-06 21:32:03,31.7561,25.0865,59.77,61,0,16.93,clear sky,0,0
465,Fonte Boa,BR,2021-12-06 21:32:03,-2.4959,-66.2662,73.78,99,99,3.56,overcast clouds,0,0
466,Otavi,NA,2021-12-06 21:32:04,-19.65,17.3333,73.76,25,6,5.5,clear sky,0,0
467,Lianzhou,CN,2021-12-06 21:28:19,24.7811,112.3825,47.52,73,0,2.37,clear sky,0,0
468,Hermiston,US,2021-12-06 21:32:04,45.8404,-119.2895,45.23,74,90,0.0,overcast clouds,0,0
469,Tallahassee,US,2021-12-06 21:31:12,30.4383,-84.2807,73.92,81,90,3.0,overcast clouds,0,0
470,Micheweni,TZ,2021-12-06 21:32:04,-4.9667,39.8333,79.48,78,100,4.47,overcast clouds,0,0
471,Quang Ngai,VN,2021-12-06 21:32:05,15.1167,108.8,65.91,82,100,7.07,overcast clouds,0,0
472,Kosh-Agach,RU,2021-12-06 21:32:05,50.0,88.6667,9.54,73,53,1.32,broken clouds,0,0
473,Caala,AO,2021-12-06 21:32:06,-12.8525,15.5606,59.9,92,94,2.19,overcast clouds,0,0
474,Sibolga,ID,2021-12-06 21:32:06,1.7427,98.7792,75.87,81,21,3.15,few clouds,0,0
475,Simao,CN,2021-12-06 21:32:06,22.7886,100.9748,55.51,79,99,2.17,overcast clouds,0,0
476,Baie-Saint-Paul,CA,2021-12-06 21:32:07,47.4411,-70.4986,41.13,90,100,7.0,snow,0,0
477,Ceres,US,2021-12-06 21:30:30,37.5949,-120.9577,59.18,78,90,5.75,overcast clouds,0,0
478,Zhigansk,RU,2021-12-06 21:28:02,66.7697,123.3711,-25.44,95,100,11.7,overcast clouds,0,0
479,Vanimo,PG,2021-12-06 21:25:27,-2.6741,141.3028,78.46,89,100,3.91,overcast clouds,0,0
480,Codrington,AU,2021-12-06 21:32:07,-38.2667,141.9667,57.09,58,99,14.61,overcast clouds,0,0
481,Vysokogornyy,RU,2021-12-06 21:32:08,50.1167,139.15,7.56,86,38,11.03,scattered clouds,0,0
482,Hasaki,JP,2021-12-06 21:32:08,35.7333,140.8333,46.8,79,96,15.21,overcast clouds,0,0
483,Talcahuano,CL,2021-12-06 21:31:28,-36.7167,-73.1167,58.64,85,93,13.73,overcast clouds,0,0
484,Vestmannaeyjar,IS,2021-12-06 21:25:06,63.4427,-20.2734,37.26,87,100,34.0,light rain,0,0
485,Lavrentiya,RU,2021-12-06 21:32:09,65.5833,-171.0,-3.12,93,100,9.17,overcast clouds,0,0
486,Baoding,CN,2021-12-06 21:27:31,38.8511,115.4903,34.99,48,0,3.98,clear sky,0,0
487,Hornslet,DK,2021-12-06 21:32:09,56.3155,10.3204,35.6,78,75,7.0,broken clouds,0,0
488,Oistins,BB,2021-12-06 21:32:09,13.0667,-59.5333,80.69,65,40,19.57,scattered clouds,0,0
489,Kuandian,CN,2021-12-06 21:32:10,40.7286,124.7847,22.77,88,5,4.76,clear sky,0,0
490,Kroya,ID,2021-12-06 21:32:10,-7.6331,109.2461,76.06,90,94,2.59,overcast clouds,0,0
491,Fredericksburg,US,2021-12-06 21:30:30,38.3032,-77.4605,71.49,59,90,1.99,overcast clouds,0,0
492,Naze,JP,2021-12-06 21:27:17,28.3667,129.4833,62.24,65,7,12.01,clear sky,0,0
493,Fairhope,US,2021-12-06 21:32:11,30.523,-87.9033,76.01,54,75,14.97,broken clouds,0,0
494,Xuddur,SO,2021-12-06 21:32:11,4.1213,43.8894,73.09,68,42,11.36,scattered clouds,0,0
495,Bandundu,CD,2021-12-06 21:32:11,-3.3167,17.3667,73.69,86,99,4.0,light rain,0,0
496,De-Kastri,RU,2021-12-06 21:32:12,51.4667,140.7833,16.16,60,4,17.18,clear sky,0,0
497,Bambanglipuro,ID,2021-12-06 21:26:29,-7.95,110.2833,74.57,93,100,5.53,overcast clouds,0,0
498,Varzea Grande,BR,2021-12-06 21:31:04,-15.6467,-56.1325,91.27,55,40,6.91,scattered clouds,0,0
499,Petauke,ZM,2021-12-06 21:32:12,-14.2426,31.3253,76.41,40,76,4.61,broken clouds,0,0
500,Newport,GB,2021-12-06 21:32:13,51.5877,-2.9984,44.46,83,3,16.37,clear sky,0,0
501,Okhotsk,RU,2021-12-06 21:32:13,59.3833,143.3,-5.67,81,100,16.55,overcast clouds,0,0
502,Graaff-Reinet,ZA,2021-12-06 21:32:13,-32.2522,24.5308,60.93,91,59,3.31,broken clouds,0,0
503,Santa Maria,BR,2021-12-06 21:32:14,-29.6842,-53.8069,78.1,53,75,14.97,broken clouds,0,0
504,Atagay,RU,2021-12-06 21:32:14,55.1033,99.3875,24.8,86,100,4.27,overcast clouds,0,0
505,Nuuk,GL,2021-12-06 21:31:14,64.1835,-51.7216,21.81,86,75,14.97,light snow,0,0
506,Birao,CF,2021-12-06 21:24:26,10.2849,22.7882,76.08,20,10,6.17,clear sky,0,0
507,Jian,CN,2021-12-06 21:32:15,27.1172,114.9793,46.17,58,1,2.39,clear sky,0,0
508,Cortez,US,2021-12-06 21:32:15,37.3489,-108.5859,54.41,21,1,9.22,clear sky,0,0
509,Mbandaka,CD,2021-12-06 21:32:15,0.0487,18.2603,71.94,88,62,0.92,light rain,0,0
510,Bud,US,2021-12-06 21:32:16,39.447,-86.1758,37.85,57,1,14.52,clear sky,0,0
511,Saint-Joseph,RE,2021-12-06 21:32:16,-21.3667,55.6167,77.38,79,17,8.21,few clouds,0,0
512,Morondava,MG,2021-12-06 21:32:16,-20.2833,44.2833,78.04,85,9,3.56,clear sky,0,0
513,Taltal,CL,2021-12-06 21:32:17,-25.4,-70.4833,66.16,69,94,7.31,overcast clouds,0,0
514,Labuan,MY,2021-12-06 21:32:17,5.2767,115.2417,79.16,83,20,5.01,few clouds,0,0
515,Richards Bay,ZA,2021-12-06 21:32:17,-28.783,32.0377,73.69,86,88,14.79,overcast clouds,0,0
516,Murdochville,CA,2021-12-06 21:32:18,48.9583,-65.5006,22.08,93,100,19.06,light snow,0,0
517,Dharmabad,IN,2021-12-06 21:32:18,18.9,77.85,66.76,62,0,5.91,clear sky,0,0
518,Opuwo,NA,2021-12-06 21:32:18,-18.0607,13.84,71.22,26,2,7.47,clear sky,0,0
519,Vikravandi,IN,2021-12-06 21:32:19,12.0333,79.55,75.13,89,53,4.7,broken clouds,0,0
520,Havelock,US,2021-12-06 21:32:19,34.8791,-76.9013,73.63,83,22,7.0,few clouds,0,0
521,Hirara,JP,2021-12-06 21:32:19,24.8,125.2833,72.61,62,14,22.06,few clouds,0,0
522,Amapa,BR,2021-12-06 21:32:20,1.0,-52.0,74.59,94,100,3.02,overcast clouds,0,0
523,Sao Francisco De Assis,BR,2021-12-06 21:32:20,-29.5503,-55.1311,77.32,53,12,16.51,few clouds,0,0
524,Kailua,US,2021-12-06 21:32:20,21.4022,-157.7394,75.18,73,90,8.05,moderate rain,0,0
525,Niederkassel,DE,2021-12-06 21:32:21,50.8167,7.0333,39.58,85,75,12.66,broken clouds,0,0
526,Siavonga,ZM,2021-12-06 21:32:21,-16.5382,28.7088,85.53,43,46,1.86,scattered clouds,0,0
527,Raudeberg,NO,2021-12-06 21:32:21,61.9875,5.1352,36.27,68,100,7.0,overcast clouds,0,0
528,Castricum,NL,2021-12-06 21:32:22,52.5483,4.6694,37.98,92,100,5.01,overcast clouds,0,0
529,Lamar,US,2021-12-06 21:32:22,33.6668,-95.5836,56.25,26,1,12.66,clear sky,0,0
530,Hay River,CA,2021-12-06 21:22:35,60.8156,-115.7999,-11.22,64,20,3.44,few clouds,0,0
531,Agadez,NE,2021-12-06 21:32:22,19.75,10.25,65.34,17,1,6.98,clear sky,0,0
532,Bulach,CH,2021-12-06 21:32:23,47.522,8.5405,35.04,94,20,2.3,few clouds,0,0
533,Caborca,MX,2021-12-06 21:32:23,30.5838,-111.101,76.35,15,0,7.31,clear sky,0,0
534,Sarahan,IN,2021-12-06 21:27:36,31.5167,77.8,30.74,61,2,10.38,clear sky,0,0
535,San Luis,AR,2021-12-06 21:27:30,-33.295,-66.3356,84.34,36,62,10.02,broken clouds,0,0
536,Knysna,ZA,2021-12-06 21:32:24,-34.0363,23.0471,59.4,92,55,3.33,broken clouds,0,0
537,Boguchany,RU,2021-12-06 21:32:24,58.3814,97.4531,27.43,95,100,5.26,overcast clouds,0,0
538,Nova Granada,BR,2021-12-06 21:32:24,-20.5339,-49.3142,86.25,50,59,2.33,broken clouds,0,0
539,Riyadh,SA,2021-12-06 21:25:02,24.6877,46.7219,60.94,32,9,9.71,clear sky,0,0
540,Sioux Lookout,CA,2021-12-06 21:32:25,50.1001,-91.917,-5.42,71,20,9.22,light snow,0,0
541,Nieuw Amsterdam,SR,2021-12-06 21:32:25,5.8833,-55.0833,82.42,82,40,6.91,light rain,0,0
542,Kholodnyy,RU,2021-12-06 21:32:25,62.7167,147.95,-34.47,98,100,1.72,overcast clouds,0,0
543,Chokwe,MZ,2021-12-06 21:32:26,-24.5333,32.9833,83.91,49,49,8.84,scattered clouds,0,0
544,Deputatskiy,RU,2021-12-06 21:32:26,69.3,139.9,-22.9,99,100,0.98,overcast clouds,0,0
545,Arman,RU,2021-12-06 21:24:46,59.7,150.1667,5.92,72,100,9.6,overcast clouds,0,0
546,Alekseyevsk,RU,2021-12-06 21:32:26,57.8406,108.3492,24.57,96,100,6.24,overcast clouds,0,0
547,Paredon,MX,2021-12-06 21:32:27,16.0333,-93.8667,84.54,62,5,5.55,clear sky,0,0
548,Yakeshi,CN,2021-12-06 21:32:27,49.2833,120.7333,9.84,90,13,6.78,few clouds,0,0
549,Russell,US,2021-12-06 21:26:47,32.3502,-85.1999,62.96,92,100,7.05,moderate rain,0,0
550,Kibara,TZ,2021-12-06 21:32:28,-2.15,33.45,75.24,71,69,7.05,broken clouds,0,0
551,Ordynskoye,RU,2021-12-06 21:32:28,54.3656,81.8994,29.86,97,100,10.85,light snow,0,0
552,Teya,RU,2021-12-06 21:25:19,60.3778,92.6267,14.07,96,100,1.81,overcast clouds,0,0
553,Ebensee,AT,2021-12-06 21:32:29,47.8072,13.779,33.89,96,91,2.77,overcast clouds,0,0
554,Qaqortoq,GL,2021-12-06 21:32:29,60.7167,-46.0333,21.7,72,27,29.57,scattered clouds,0,0
555,Malpe,IN,2021-12-06 21:32:29,13.35,74.7167,74.5,85,15,5.28,few clouds,0,0
556,Barra Do Garcas,BR,2021-12-06 21:32:30,-15.89,-52.2567,81.16,71,79,1.92,moderate rain,0,0
557,Kalabo,ZM,2021-12-06 21:32:30,-14.97,22.6814,70.29,81,73,5.86,light rain,0,0
558,Ilmenau,DE,2021-12-06 21:32:30,50.6833,10.9,33.13,92,100,5.46,overcast clouds,0,0
559,Umm Kaddadah,SD,2021-12-06 21:25:09,13.6017,26.6876,68.31,22,0,12.3,clear sky,0,0
560,Mombasa,KE,2021-12-06 21:32:31,-4.0547,39.6636,81.01,83,40,3.44,scattered clouds,0,0
561,Jinka,ET,2021-12-06 21:32:31,5.65,36.65,66.69,49,35,3.2,scattered clouds,0,0
562,Akyab,MM,2021-12-06 21:32:25,20.15,92.9,77.0,70,62,4.68,broken clouds,0,0
563,Kabanga,TZ,2021-12-06 21:32:31,-2.6386,30.4678,58.05,91,76,1.81,broken clouds,0,0
564,Natal,BR,2021-12-06 21:32:32,-5.795,-35.2094,82.62,74,40,11.5,scattered clouds,0,0
565,Vagay,RU,2021-12-06 21:32:32,57.9375,69.0217,4.19,93,100,7.67,overcast clouds,0,0
566,Belyy Yar,RU,2021-12-06 21:24:44,53.6039,91.3903,19.29,89,96,2.24,overcast clouds,0,0
567,Grand Gaube,MU,2021-12-06 21:25:07,-20.0064,57.6608,79.2,69,0,7.0,clear sky,0,0
568,Banyo,CM,2021-12-06 21:32:33,6.75,11.8167,72.88,34,100,2.71,overcast clouds,0,0
569,Yola,NG,2021-12-06 21:32:33,9.2,12.4833,80.35,24,90,2.35,overcast clouds,0,0
570,Tilbury,GB,2021-12-06 21:32:33,51.4625,0.3586,40.57,87,23,14.97,few clouds,0,0
571,Pajapan,MX,2021-12-06 21:32:34,18.25,-94.7,77.16,78,2,5.91,clear sky,0,0
572,Ulaanbaatar,MN,2021-12-06 21:32:34,47.9077,106.8832,-2.07,78,0,0.0,clear sky,0,0
573,Mubi,NG,2021-12-06 21:32:35,10.2676,13.2644,74.21,30,100,3.13,overcast clouds,0,0
574,Porto Novo,BJ,2021-12-06 21:27:57,6.4965,2.6036,84.02,81,79,8.7,broken clouds,0,0
575,Inverell,AU,2021-12-06 21:32:35,-29.7833,151.1167,70.66,83,97,1.99,light rain,0,0
576,Yeppoon,AU,2021-12-06 21:32:35,-23.1333,150.7333,76.78,72,88,12.66,overcast clouds,0,0
577,Nome,US,2021-12-06 21:32:36,64.5011,-165.4064,24.87,86,90,17.27,light snow,0,0
578,Eureka,US,2021-12-06 21:32:36,40.8021,-124.1637,51.93,82,100,0.67,overcast clouds,0,0
579,Champasak,LA,2021-12-06 21:32:36,14.75,106.0,60.28,90,23,1.05,few clouds,0,0
580,Pirovskoye,RU,2021-12-06 21:32:37,57.6267,92.2658,27.72,90,100,8.41,overcast clouds,0,0
581,Moshenskoye,RU,2021-12-06 21:32:37,58.5102,34.5911,17.42,95,100,7.72,light snow,0,0
582,Aplahoue,BJ,2021-12-06 21:32:37,6.9333,1.6833,78.49,85,92,6.04,overcast clouds,0,0
583,Malmyzh,RU,2021-12-06 21:32:38,56.5205,50.6818,6.98,72,9,3.06,clear sky,0,0
584,Port-Gentil,GA,2021-12-06 21:32:38,-0.7193,8.7815,78.35,84,100,7.14,overcast clouds,0,0
585,Salto,UY,2021-12-06 21:32:38,-31.3833,-57.9667,86.16,35,75,12.66,broken clouds,0,0
586,Santa Marta,CO,2021-12-06 21:28:25,11.2408,-74.199,89.65,62,40,4.61,scattered clouds,0,0
587,Tura,IN,2021-12-06 21:32:39,25.5198,90.2201,61.56,94,21,2.89,few clouds,0,0
588,Cotonou,BJ,2021-12-06 21:32:39,6.3654,2.4183,84.18,84,40,13.8,scattered clouds,0,0
589,Katsuura,JP,2021-12-06 21:32:39,35.1333,140.3,55.18,84,99,15.39,light rain,0,0
590,Pangody,RU,2021-12-06 21:32:40,65.85,74.4859,-6.74,94,92,13.87,overcast clouds,0,0
591,Khowai,IN,2021-12-06 21:32:40,24.1,91.6333,68.22,99,100,3.56,overcast clouds,0,0
592,Gat,IL,2021-12-06 21:32:40,31.61,34.7642,67.91,25,88,4.07,overcast clouds,0,0
593,Zanesville,US,2021-12-06 21:27:46,39.9404,-82.0132,36.88,61,1,5.01,clear sky,0,0
594,Policoro,IT,2021-12-06 21:32:41,40.2115,16.6726,50.58,89,100,4.0,overcast clouds,0,0
595,Comodoro Rivadavia,AR,2021-12-06 21:29:52,-45.8667,-67.5,78.66,22,0,19.57,clear sky,0,0
596,Brownsville,US,2021-12-06 21:32:41,25.9018,-97.4975,86.0,68,90,4.0,overcast clouds,0,0
597,Careiro Da Varzea,BR,2021-12-06 21:32:42,-3.2003,-59.8119,81.23,92,86,2.66,overcast clouds,0,0
598,Gull Lake,CA,2021-12-06 21:32:42,50.1001,-108.4847,8.96,84,100,6.42,overcast clouds,0,0
599,Ocampo,MX,2021-12-06 21:32:42,21.65,-101.5,72.28,30,100,5.93,overcast clouds,0,0
600,Fukue,JP,2021-12-06 21:32:43,32.6881,128.8419,58.1,61,32,14.23,scattered clouds,0,0
601,Atar,MR,2021-12-06 21:32:43,20.5169,-13.0499,68.81,13,99,9.93,overcast clouds,0,0
602,Gambela,ET,2021-12-06 21:32:43,8.25,34.5833,80.74,45,10,2.84,clear sky,0,0
603,Ondjiva,AO,2021-12-06 21:32:44,-17.0667,15.7333,80.47,39,56,13.73,broken clouds,0,0
604,Khasan,RU,2021-12-06 21:25:05,42.4308,130.6434,31.26,71,0,11.05,clear sky,0,0
605,Havoysund,NO,2021-12-06 21:32:44,70.9963,24.6622,25.03,76,98,10.4,overcast clouds,0,0
606,Mazagao,BR,2021-12-06 21:32:44,-0.115,-51.2894,84.25,86,94,2.82,light rain,0,0
607,Nihtaur,IN,2021-12-06 21:32:45,29.3333,78.3833,58.24,64,0,6.33,clear sky,0,0
608,Suhbaatar,MN,2021-12-06 21:32:45,50.2314,106.2078,5.47,97,93,0.58,overcast clouds,0,0
609,Kathor,IN,2021-12-06 21:32:45,21.3,72.9333,71.13,61,0,6.98,clear sky,0,0
610,Abu Dhabi,AE,2021-12-06 21:30:13,24.4667,54.3667,71.96,62,0,1.01,clear sky,0,0
611,Mozarlandia,BR,2021-12-06 21:32:46,-14.7447,-50.5706,78.49,80,97,5.28,moderate rain,0,0
612,Beloha,MG,2021-12-06 21:32:46,-25.1667,45.05,78.04,58,0,0.51,clear sky,0,0
613,Millbrook,US,2021-12-06 21:32:47,32.4799,-86.3619,64.47,97,90,3.44,moderate rain,0,0
614,Lethem,GY,2021-12-06 21:32:47,3.3803,-59.7968,87.85,66,40,13.8,scattered clouds,0,0
615,Agirish,RU,2021-12-06 21:32:47,61.9247,63.0231,-3.96,94,15,6.71,few clouds,0,0
616,Pemba,MZ,2021-12-06 21:24:19,-12.974,40.5178,81.3,83,20,12.66,few clouds,0,0
617,Matara,LK,2021-12-06 21:32:48,5.9485,80.5353,75.16,91,35,4.5,scattered clouds,0,0
618,Charters Towers,AU,2021-12-06 21:24:32,-20.1,146.2667,76.17,75,30,10.56,scattered clouds,0,0
619,Pingzhuang,CN,2021-12-06 21:32:48,42.0372,119.2889,27.12,52,0,3.62,clear sky,0,0
620,Santa Cruz,BO,2021-12-06 21:27:02,-17.8,-63.1667,89.65,48,40,12.66,scattered clouds,0,0
621,Pedernales,DO,2021-12-06 21:32:49,18.0384,-71.744,83.03,64,0,3.24,clear sky,0,0
622,Guerrero Negro,MX,2021-12-06 21:32:49,27.9769,-114.0611,73.67,46,0,9.4,clear sky,0,0
623,Nandurbar,IN,2021-12-06 21:32:49,21.3667,74.25,70.77,62,0,6.11,clear sky,0,0
624,Sesheke,ZM,2021-12-06 21:32:50,-17.4759,24.2968,72.43,72,96,4.36,overcast clouds,0,0
625,Funtua,NG,2021-12-06 21:32:50,11.5233,7.3081,69.64,25,88,8.61,overcast clouds,0,0
626,Sehore,IN,2021-12-06 21:32:50,23.2,77.0833,60.33,63,0,7.74,clear sky,0,0
627,Chipinge,ZW,2021-12-06 21:32:51,-20.1883,32.6236,69.44,82,81,1.03,broken clouds,0,0
628,Ornskoldsvik,SE,2021-12-06 21:32:51,63.2909,18.7153,13.15,92,90,5.75,light snow,0,0
629,Aripuana,BR,2021-12-06 21:30:21,-9.1667,-60.6333,76.73,89,93,2.91,overcast clouds,0,0
630,Trat,TH,2021-12-06 21:32:52,12.5,102.5,66.7,76,100,7.4,overcast clouds,0,0
631,Tessalit,ML,2021-12-06 21:32:52,20.1986,1.0114,69.62,17,90,9.31,overcast clouds,0,0
632,Presidente Medici,BR,2021-12-06 21:32:52,-11.1753,-61.9014,74.28,99,98,2.84,moderate rain,0,0
633,Jiazi,CN,2021-12-06 21:32:53,22.8779,116.067,58.24,72,2,6.73,clear sky,0,0
634,Loviisa,FI,2021-12-06 21:32:53,60.4566,26.2251,9.28,92,98,8.59,light snow,0,0
635,Mariel,CU,2021-12-06 21:32:53,22.9875,-82.7536,82.54,75,31,8.99,light rain,0,0
636,Novi Ligure,IT,2021-12-06 21:32:54,44.7608,8.7896,45.37,80,5,1.99,clear sky,0,0
637,Mabaruma,GY,2021-12-06 21:32:54,8.2,-59.7833,82.4,83,75,0.0,broken clouds,0,0
638,North Bend,US,2021-12-06 21:32:54,43.4065,-124.2243,52.16,94,90,6.91,overcast clouds,0,0
639,Viesca,MX,2021-12-06 21:32:55,25.35,-102.8,79.36,14,90,1.54,overcast clouds,0,0
640,Inhambane,MZ,2021-12-06 21:32:55,-23.865,35.3833,77.0,85,59,7.65,broken clouds,0,0
641,Corn Island,NI,2021-12-06 21:32:55,12.1694,-83.0418,81.73,81,2,13.8,clear sky,0,0
642,Satipo,PE,2021-12-06 21:32:56,-11.2522,-74.6386,72.75,95,100,1.41,overcast clouds,0,0
643,Skerries,IE,2021-12-06 21:32:56,53.5828,-6.1083,39.0,71,1,19.22,clear sky,0,0
644,Shenjiamen,CN,2021-12-06 21:32:56,29.9576,122.298,54.59,68,0,12.88,clear sky,0,0
645,Chima,IN,2021-12-06 21:32:57,30.6854,76.0863,56.66,63,0,5.82,clear sky,0,0
646,Ibra,OM,2021-12-06 21:32:57,22.6906,58.5334,62.49,79,0,0.43,clear sky,0,0
647,Oneida,US,2021-12-06 21:32:57,43.2001,-75.4663,50.58,89,90,15.01,moderate rain,0,0
648,Teseney,ER,2021-12-06 21:32:58,15.11,36.6575,76.46,50,0,8.68,clear sky,0,0
649,Yamada,JP,2021-12-06 21:24:59,39.4667,141.95,46.29,86,100,4.47,overcast clouds,0,0
650,Onega,RU,2021-12-06 21:32:58,63.9061,38.1404,1.49,97,19,4.81,few clouds,0,0
651,Lockhart,US,2021-12-06 21:32:58,28.6194,-81.4426,82.49,60,20,8.05,few clouds,0,0
652,Itarema,BR,2021-12-06 21:26:59,-2.9248,-39.9167,81.45,79,49,18.81,scattered clouds,0,0
653,Townsville,AU,2021-12-06 21:29:25,-19.25,146.8,81.48,74,20,9.22,few clouds,0,0
654,Brewster,US,2021-12-06 21:32:59,41.3973,-73.6171,57.97,90,75,1.01,broken clouds,0,0
655,Zhezkazgan,KZ,2021-12-06 21:32:59,47.8043,67.7144,27.45,86,59,5.35,broken clouds,0,0
656,Amga,RU,2021-12-06 21:33:00,60.8953,131.9608,-16.15,99,98,1.59,overcast clouds,0,0
657,Puerto Madryn,AR,2021-12-06 21:33:00,-42.7692,-65.0385,87.91,17,0,33.13,clear sky,0,0
658,Ukiah,US,2021-12-06 21:33:00,39.1502,-123.2078,58.44,83,75,0.0,broken clouds,0,0
659,Batagay-Alyta,RU,2021-12-06 21:25:16,67.8006,130.4114,-33.29,91,100,5.7,overcast clouds,0,0
660,Sompeta,IN,2021-12-06 21:33:01,18.9333,84.6,73.69,92,27,8.14,scattered clouds,0,0
661,Portland,US,2021-12-06 21:28:22,45.5234,-122.6762,47.86,95,90,1.99,light rain,0,0
662,Anito,PH,2021-12-06 21:33:01,12.4497,125.2886,79.16,80,100,11.5,overcast clouds,0,0
663,Westport,US,2021-12-06 21:33:02,41.1415,-73.3579,58.28,94,98,1.01,overcast clouds,0,0
664,Urusha,RU,2021-12-06 21:33:02,54.05,122.9,-4.65,97,83,1.43,broken clouds,0,0
665,Kasempa,ZM,2021-12-06 21:33:02,-13.4584,25.8338,66.96,72,100,2.57,overcast clouds,0,0
666,Healdsburg,US,2021-12-06 21:28:12,38.6105,-122.8692,60.31,60,100,2.33,overcast clouds,0,0
667,Thinadhoo,MV,2021-12-06 21:28:04,0.5333,72.9333,81.73,76,53,16.22,broken clouds,0,0
668,Callaguip,PH,2021-12-06 21:33:03,18.0714,120.4867,77.02,69,75,11.5,broken clouds,0,0
669,Shihezi,CN,2021-12-06 21:33:03,44.3,86.0333,30.45,84,100,2.95,overcast clouds,0,0
670,Sistranda,NO,2021-12-06 21:33:04,63.7256,8.834,21.16,71,5,13.29,clear sky,0,0
671,Vilhena,BR,2021-12-06 21:31:08,-12.7406,-60.1458,75.42,88,75,8.05,broken clouds,0,0
672,Yuki,JP,2021-12-06 21:33:04,36.3,139.8833,51.58,82,97,5.14,overcast clouds,0,0
673,Kununurra,AU,2021-12-06 21:24:35,-15.7667,128.7333,80.58,89,77,6.91,broken clouds,0,0
674,Port Blair,IN,2021-12-06 21:22:23,11.6667,92.75,77.2,69,63,12.28,broken clouds,0,0
675,Shelbyville,US,2021-12-06 21:33:05,35.4834,-86.4603,48.92,54,1,5.01,clear sky,0,0
676,Lachhmangarh,IN,2021-12-06 21:33:05,27.8214,75.0251,58.98,43,0,6.67,clear sky,0,0
677,Kerouane,GN,2021-12-06 21:33:05,9.2667,-9.0167,73.62,30,76,3.36,broken clouds,0,0
678,Sawtell,AU,2021-12-06 21:26:40,-30.3833,153.1,71.62,91,90,4.61,overcast clouds,0,0
679,Linhares,BR,2021-12-06 21:31:09,-19.3911,-40.0722,70.97,97,100,2.08,light rain,0,0
680,Beyneu,KZ,2021-12-06 21:33:06,45.3167,55.2,38.14,64,43,4.16,scattered clouds,0,0
681,Thunder Bay,CA,2021-12-06 21:29:14,48.4001,-89.3168,4.28,65,20,17.27,few clouds,0,0
682,Dengzhou,CN,2021-12-06 21:33:07,37.8086,120.7508,41.4,57,0,12.06,clear sky,0,0
683,Pasni,PK,2021-12-06 21:26:42,25.2631,63.471,72.99,59,0,4.81,clear sky,0,0
684,Bay-Khaak,RU,2021-12-06 21:33:07,51.1667,94.5,-2.25,90,66,3.62,broken clouds,0,0
685,Rodeo,US,2021-12-06 21:33:07,38.033,-122.2669,56.37,82,90,1.99,mist,0,0
686,Jasper,US,2021-12-06 21:29:50,37.2001,-94.3502,41.83,39,40,7.0,scattered clouds,0,0
687,Hami,CN,2021-12-06 21:22:24,42.8,93.45,28.83,54,98,9.44,overcast clouds,0,0
688,Menongue,AO,2021-12-06 21:28:27,-14.6585,17.691,66.97,68,45,4.81,scattered clouds,0,0
689,Diapaga,BF,2021-12-06 21:33:08,12.0708,1.7889,78.13,19,62,6.85,broken clouds,0,0
690,Mayo,US,2021-12-06 21:27:14,38.8876,-76.5119,71.19,65,100,5.99,overcast clouds,0,0
691,Shimoda,JP,2021-12-06 21:27:16,34.6667,138.95,56.1,83,93,18.01,light rain,0,0
692,Plettenberg Bay,ZA,2021-12-06 21:33:09,-34.0527,23.3716,59.68,90,67,4.07,broken clouds,0,0
